{"cameraMode":{"drawMode":0,"name":"Shaded","section":"Shading Mode"},"sceneLighting":true,"audioPlay":false,"sceneViewState":{"showFog":true,"showMaterialUpdate":false,"showSkybox":true,"showFlares":true,"showImageEffects":true,"showParticleSystems":true},"in2DMode":false,"pivot":{"x":0.5100862979888916,"y":-3.7752647399902345,"z":2.724289894104004},"rotation":{"x":-0.02832302451133728,"y":0.939564049243927,"z":-0.3316289484500885,"w":-0.08024413883686066},"size":6.307395935058594,"orthographic":false}