{"cameraMode":{"drawMode":0,"name":"Shaded","section":"Shading Mode"},"sceneLighting":false,"audioPlay":false,"sceneViewState":{"showFog":true,"showMaterialUpdate":true,"showSkybox":false,"showFlares":true,"showImageEffects":true,"showParticleSystems":true},"in2DMode":false,"pivot":{"x":0.0,"y":1.6770000457763672,"z":4.76837158203125e-7},"rotation":{"x":-0.23276133835315705,"y":-0.21326828002929688,"z":0.05239557847380638,"w":-0.9474620223045349},"size":9.895478248596192,"orthographic":false}