{"cameraMode":{"drawMode":0,"name":"Shaded","section":"Shading Mode"},"sceneLighting":false,"audioPlay":false,"sceneViewState":{"showFog":true,"showMaterialUpdate":true,"showSkybox":false,"showFlares":true,"showImageEffects":true,"showParticleSystems":true},"in2DMode":false,"pivot":{"x":-3.0921990871429445,"y":2.241072654724121,"z":2.212498188018799},"rotation":{"x":-0.08251375705003739,"y":-0.8158414363861084,"z":0.12029808014631272,"w":-0.5595902800559998},"size":1.5207406282424927,"orthographic":false}