{"cameraMode":{"drawMode":0,"name":"Shaded","section":"Shading Mode"},"sceneLighting":false,"audioPlay":false,"sceneViewState":{"showFog":true,"showMaterialUpdate":true,"showSkybox":false,"showFlares":true,"showImageEffects":true,"showParticleSystems":true},"in2DMode":false,"pivot":{"x":0.0,"y":0.9228103756904602,"z":-0.04000002145767212},"rotation":{"x":-0.08251375705003739,"y":-0.8158414363861084,"z":0.12029808014631272,"w":-0.5595902800559998},"size":1.6054261922836304,"orthographic":false}