{"cameraMode":{"drawMode":0,"name":"Shaded","section":"Shading Mode"},"sceneLighting":false,"audioPlay":false,"sceneViewState":{"showFog":true,"showMaterialUpdate":true,"showSkybox":false,"showFlares":true,"showImageEffects":true,"showParticleSystems":true},"in2DMode":false,"pivot":{"x":1.365885615348816,"y":4.000796794891357,"z":-2.4583771228790285},"rotation":{"x":-0.46548473834991457,"y":0.03266694396734238,"z":-0.017223838716745378,"w":-0.884375274181366},"size":0.10000000149011612,"orthographic":false}