{"cameraMode":{"drawMode":0,"name":"Shaded","section":"Shading Mode"},"sceneLighting":false,"audioPlay":false,"sceneViewState":{"showFog":true,"showMaterialUpdate":true,"showSkybox":false,"showFlares":true,"showImageEffects":true,"showParticleSystems":true},"in2DMode":false,"pivot":{"x":59.48303985595703,"y":4.9192352294921879,"z":-2.4085590839385988},"rotation":{"x":-0.1333267241716385,"y":-0.6004342436790466,"z":0.10237856209278107,"w":-0.7818360924720764},"size":2.226510763168335,"orthographic":false}