{"cameraMode":{"drawMode":0,"name":"Shaded","section":"Shading Mode"},"sceneLighting":false,"audioPlay":false,"sceneViewState":{"showFog":true,"showMaterialUpdate":true,"showSkybox":false,"showFlares":true,"showImageEffects":true,"showParticleSystems":true},"in2DMode":false,"pivot":{"x":0.039891332387924197,"y":0.8984308242797852,"z":1.1741650104522706},"rotation":{"x":0.10837310552597046,"y":0.20571938157081605,"z":-0.022928988561034204,"w":0.9723234176635742},"size":10.0,"orthographic":false}