{"cameraMode":{"drawMode":0,"name":"Shaded","section":"Shading Mode"},"sceneLighting":false,"audioPlay":false,"sceneViewState":{"showFog":true,"showMaterialUpdate":true,"showSkybox":false,"showFlares":true,"showImageEffects":true,"showParticleSystems":true},"in2DMode":false,"pivot":{"x":0.00007396936416625977,"y":0.7351607084274292,"z":0.023887664079666139},"rotation":{"x":-0.07059299200773239,"y":0.528182864189148,"z":-0.0442325696349144,"w":-0.8451099991798401},"size":1.1800870895385743,"orthographic":false}