{"cameraMode":{"drawMode":0,"name":"Shaded","section":"Shading Mode"},"sceneLighting":false,"audioPlay":false,"sceneViewState":{"showFog":true,"showMaterialUpdate":true,"showSkybox":false,"showFlares":true,"showImageEffects":true,"showParticleSystems":true},"in2DMode":false,"pivot":{"x":0.4159388542175293,"y":0.403478741645813,"z":0.036252498626708987},"rotation":{"x":-0.23276133835315705,"y":-0.21326828002929688,"z":0.05239557847380638,"w":-0.9474620223045349},"size":2.700017213821411,"orthographic":false}