{"cameraMode":{"drawMode":0,"name":"Shaded","section":"Shading Mode"},"sceneLighting":true,"audioPlay":false,"sceneViewState":{"showFog":true,"showMaterialUpdate":true,"showSkybox":true,"showFlares":true,"showImageEffects":true,"showParticleSystems":true},"in2DMode":false,"pivot":{"x":-120.60588073730469,"y":-72.07347869873047,"z":124.48556518554688},"rotation":{"x":-0.1931220144033432,"y":0.3833790123462677,"z":-0.08232396841049195,"w":-0.899461030960083},"size":128.966552734375,"orthographic":false}