{"cameraMode":{"drawMode":0,"name":"Shaded","section":"Shading Mode"},"sceneLighting":true,"audioPlay":false,"sceneViewState":{"showFog":true,"showMaterialUpdate":true,"showSkybox":false,"showFlares":true,"showImageEffects":true,"showParticleSystems":true},"in2DMode":false,"pivot":{"x":-2.7730002403259279,"y":2.196000099182129,"z":-3.0199999809265138},"rotation":{"x":-0.30393868684768679,"y":0.4486449062824249,"z":-0.16556303203105927,"w":-0.824037492275238},"size":9.699484825134278,"orthographic":false}