{"cameraMode":{"drawMode":0,"name":"Shaded","section":"Shading Mode"},"sceneLighting":false,"audioPlay":false,"sceneViewState":{"showFog":true,"showMaterialUpdate":true,"showSkybox":false,"showFlares":true,"showImageEffects":true,"showParticleSystems":true},"in2DMode":false,"pivot":{"x":0.05897665023803711,"y":0.8564255237579346,"z":0.11859795451164246},"rotation":{"x":-0.031186260282993318,"y":0.9676802754402161,"z":-0.19810429215431214,"w":-0.15342387557029725},"size":1.861309289932251,"orthographic":false}