{"cameraMode":{"drawMode":0,"name":"Shaded","section":"Shading Mode"},"sceneLighting":true,"audioPlay":false,"sceneViewState":{"showFog":true,"showMaterialUpdate":false,"showSkybox":true,"showFlares":true,"showImageEffects":true,"showParticleSystems":true},"in2DMode":false,"pivot":{"x":0.609072208404541,"y":-8.893170356750489,"z":11.609682083129883},"rotation":{"x":-0.43659424781799319,"y":0.0018871875945478678,"z":-0.0009157559834420681,"w":-0.8996575474739075},"size":10.0,"orthographic":false}